{
    "name": "Force Dash",
    "description": "[Secondary] If crouching, dash a small distance backwards, then dash a great distance forward. If you look at an entity when activating the power, you will dash towards the origin of the entity, damaging them. This power can be used during Force Disconnect. You cannot jump during this power (20s cooldown)",
    "type": "origins:multiple",
    "dashing": {
        "type": "origins:active_self",
        "entity_action": {
            "type": "origins:and",
            "actions": [
                {
                    "type": "origins:add_velocity",
                    "space": "local_horizontal",
                    "x": 0,
                    "z": -0.5,
                    "set": true
                },
                {
                    "type": "origins:delay",
                    "ticks": 20,
                    "action": {
                        "type": "origins:add_velocity",
                        "space": "local_horizontal",
                        "x": 0,
                        "z": 10,
                        "set": true
                    }
                },
                {
                    "type": "origins:change_resource",
                    "resource": "eclipse:dashresource",
                    "change": 1
                },
                {
                    "type": "origins:delay",
                    "ticks": 30,
                    "action": {
                        "type": "origins:change_resource",
                        "resource": "eclipse:dashresource",
                        "change": -1,
                        "operation": "add"
                    }
                }
            ]
        },
        "key": {
            "key": "key.origins.secondary_active"
        },
        "condition": {
            "type": "origins:sneaking"
        },
        "cooldown": 400,
        "hud_render": {
            "sprite_location": "origins:textures/gui/resource_bar.png",
            "bar_index": 6
        }
    },
    "damaging": {
        "type": "origins:active_self",
        "entity_action": {
            "type": "origins:and",
            "actions": [
                {
                    "type": "origins:raycast",
                    "distance": 10,
                    "block": false,
                    "entity": true,
                    "shape_type": "outline",
                    "bientity_action": {
                        "type": "origins:and",
                        "actions": [
                            {
                                "type": "origins:delay",
                                "ticks": 30,
                                "action": {
                                    "type": "origins:damage",
                                    "amount": 6,
                                    "source": {
                                        "name": "magic",
                                        "unblockable": true,
                                        "bypasses_armor": true
                                    }
                                }
                            }, 
                            {
                                "type":"origins:target_action",
                                "action": {
                                    "type": "origins:spawn_entity",
                                    "entity_type": "minecraft:armor_stand",
                                    "tag": "{Invisible:1, Tags:[\"eclipsetarget\"]}"
                                }
                            }
                        ]
                    },
                    "bientity_condition": {
                        "type": "origins:distance",
                        "comparison": "<=",
                        "compare_to": 10
                    }
                },
                {
                    "type": "origins:delay",
                    "ticks": 30,
                    "action": {
                        "type": "origins:execute_command",
                        "command": "particle minecraft:reverse_portal ~ ~1.5 ~ 0.1 0.1 0.1 0.5 100 normal"
                    }
                },
                {
                    "type": "origins:delay",
                    "ticks": 20,
                    "action": {
                        "type": "origins:play_sound",
                        "sound": "minecraft:entity.enderman.teleport",
                        "volume": 3,
                        "pitch": 0.5
                    }
                },
                {
                    "type": "origins:delay",
                    "ticks": 30,
                    "action": {
                        "type": "origins:play_sound",
                        "sound": "minecraft:block.glass.break",
                        "volume": 3,
                        "pitch": 0.2
                    }
                },
                {
                    "type": "origins:delay",
                    "ticks": 1,
                    "action": {
                        "type": "origins:execute_command",
                        "command": "tp @s ^ ^ ^ facing entity @e[limit=1,sort=nearest,tag=eclipsetarget]"
                    }
                },
                {
                    "type": "origins:delay",
                    "ticks": 1,
                    "action": {
                        "type": "origins:execute_command",
                        "command": "tp @s ^ ^ ^ facing entity @e[limit=1,sort=nearest,tag=eclipsetarget]"
                    }
                },
                {
                    "type": "origins:delay",
                    "ticks": 2,
                    "action": {
                        "type": "origins:execute_command",
                        "command": "tp @s ^ ^ ^ facing entity @e[limit=1,sort=nearest,tag=eclipsetarget]"
                    }
                },
                {
                    "type": "origins:delay",
                    "ticks": 3,
                    "action": {
                        "type": "origins:execute_command",
                        "command": "tp @s ^ ^ ^ facing entity @e[limit=1,sort=nearest,tag=eclipsetarget]"
                    }
                },
                {
                    "type": "origins:delay",
                    "ticks": 4,
                    "action": {
                        "type": "origins:execute_command",
                        "command": "tp @s ^ ^ ^ facing entity @e[limit=1,sort=nearest,tag=eclipsetarget]"
                    }
                },
                {
                    "type": "origins:delay",
                    "ticks": 5,
                    "action": {
                        "type": "origins:execute_command",
                        "command": "tp @s ^ ^ ^ facing entity @e[limit=1,sort=nearest,tag=eclipsetarget]"
                    }
                },
                {
                    "type": "origins:delay",
                    "ticks": 6,
                    "action": {
                        "type": "origins:execute_command",
                        "command": "tp @s ^ ^ ^ facing entity @e[limit=1,sort=nearest,tag=eclipsetarget]"
                    }
                },
                {
                    "type": "origins:delay",
                    "ticks": 7,
                    "action": {
                        "type": "origins:execute_command",
                        "command": "tp @s ^ ^ ^ facing entity @e[limit=1,sort=nearest,tag=eclipsetarget]"
                    }
                },
                {
                    "type": "origins:delay",
                    "ticks": 8,
                    "action": {
                        "type": "origins:execute_command",
                        "command": "tp @s ^ ^ ^ facing entity @e[limit=1,sort=nearest,tag=eclipsetarget]"
                    }
                },
                {
                    "type": "origins:delay",
                    "ticks": 9,
                    "action": {
                        "type": "origins:execute_command",
                        "command": "tp @s ^ ^ ^ facing entity @e[limit=1,sort=nearest,tag=eclipsetarget]"
                    }
                },
                {
                    "type": "origins:delay",
                    "ticks": 10,
                    "action": {
                        "type": "origins:execute_command",
                        "command": "tp @s ^ ^ ^ facing entity @e[limit=1,sort=nearest,tag=eclipsetarget]"
                    }
                },
                {
                    "type": "origins:delay",
                    "ticks": 11,
                    "action": {
                        "type": "origins:execute_command",
                        "command": "tp @s ^ ^ ^ facing entity @e[limit=1,sort=nearest,tag=eclipsetarget]"
                    }
                },
                {
                    "type": "origins:delay",
                    "ticks": 12,
                    "action": {
                        "type": "origins:execute_command",
                        "command": "tp @s ^ ^ ^ facing entity @e[limit=1,sort=nearest,tag=eclipsetarget]"
                    }
                },
                {
                    "type": "origins:delay",
                    "ticks": 13,
                    "action": {
                        "type": "origins:execute_command",
                        "command": "tp @s ^ ^ ^ facing entity @e[limit=1,sort=nearest,tag=eclipsetarget]"
                    }
                },
                {
                    "type": "origins:delay",
                    "ticks": 14,
                    "action": {
                        "type": "origins:execute_command",
                        "command": "tp @s ^ ^ ^ facing entity @e[limit=1,sort=nearest,tag=eclipsetarget]"
                    }
                },
                {
                    "type": "origins:delay",
                    "ticks": 15,
                    "action": {
                        "type": "origins:execute_command",
                        "command": "tp @s ^ ^ ^ facing entity @e[limit=1,sort=nearest,tag=eclipsetarget]"
                    }
                },
                {
                    "type": "origins:delay",
                    "ticks": 16,
                    "action": {
                        "type": "origins:execute_command",
                        "command": "tp @s ^ ^ ^ facing entity @e[limit=1,sort=nearest,tag=eclipsetarget]"
                    }
                },
                {
                    "type": "origins:delay",
                    "ticks": 17,
                    "action": {
                        "type": "origins:execute_command",
                        "command": "tp @s ^ ^ ^ facing entity @e[limit=1,sort=nearest,tag=eclipsetarget]"
                    }
                },
                {
                    "type": "origins:delay",
                    "ticks": 18,
                    "action": {
                        "type": "origins:execute_command",
                        "command": "tp @s ^ ^ ^ facing entity @e[limit=1,sort=nearest,tag=eclipsetarget]"
                    }
                },
                {
                    "type": "origins:delay",
                    "ticks": 19,
                    "action": {
                        "type": "origins:execute_command",
                        "command": "tp @s ^ ^ ^ facing entity @e[limit=1,sort=nearest,tag=eclipsetarget]"
                    }
                },
                {
                    "type": "origins:delay",
                    "ticks": 10,
                    "action": {
                        "type": "origins:execute_command",
                        "command": "particle minecraft:portal ~ ~1.5 ~ 0.1 0.1 0.1 0.5 100 normal"
                    }
                },
                {
                    "type": "origins:delay",
                    "ticks": 25,
                    "action": {
                        "type": "origins:execute_command",
                        "command": "kill @e[tag=eclipsetarget]"
                    }
                }
            ]
        },
        "key": {
            "key": "key.origins.secondary_active"
        },
        "condition": {
            "type": "origins:sneaking"
        },
        "cooldown": 400,
        "hud_render": {
            "should_render":false
        }
    }
}
