{
    "name":"Glimpse",
    "description":"You can sometimes hear other realities",
    "type": "origins:action_over_time",
    "interval": 6000,
    "entity_action": {
        "type": "origins:chance",
        "chance": 0.2,
        "action": {
            "type": "origins:choice",
            "actions": [
                {
                    "weight": 10,
                    "element": {
                        "type": "origins:play_sound",
                        "sound": "entity.zombie.ambient"
                    }
                },
                {
                    "weight": 10,
                    "element": {
                        "type": "origins:play_sound",
                        "sound": "entity.creeper.primed"
                    }
                },
                {
                    "weight": 10,
                    "element": {
                        "type": "origins:play_sound",
                        "sound": "entity.enderman.scream"
                    }
                },
                {
                    "weight": 10,
                    "element": {
                        "type": "origins:play_sound",
                        "sound": "entity.enderman.teleport"
                    }
                },
                {
                    "weight": 10,
                    "element": {
                        "type": "origins:play_sound",
                        "sound": "entity.zombified_piglin.angry"
                    }
                },
                {
                    "weight": 10,
                    "element": {
                        "type": "origins:play_sound",
                        "sound": "ambient.cave"
                    }
                },
                {
                    "weight": 10,
                    "element": {
                        "type": "origins:play_sound",
                        "sound": "entity.zombie_villager.ambient"
                    }
                }
            ]
        }
    }
}
