{
    "type": "origins:action_on_callback",
    "entity_action_added": {
        "type": "origins:and",
        "actions": [
            {
                "type": "origins:execute_command",
                "command": "team add eclipse"
            },
            {
                "type": "origins:change_resource",
                "resource": "eclipse:primaryactive_primaryresource",
                "change": 0,
                "operation": "set"
            },
            {
                "type": "origins:delay",
                "ticks": 20,
                "action": {
                    "type": "origins:execute_command",
                    "command": "team join eclipse @s"
                }
            }
        ]
    },
    "hidden": true
}
