{
    "type": "origins:multiple",
    "name": "Warrior's spirit",
    "description": "You only have 7 hearts. You cannot wear armor with higher armor values than iron.",
    "decreasedhealth": {
        "type": "origins:attribute",
        "modifier": {
            "attribute": "minecraft:generic.max_health",
            "value": -6.0,
            "operation": "addition"
        },
        "hidden": true
    },
    "armorrestrict": {
        "type": "origins:restrict_armor",
        "head": {
            "type": "origins:armor_value",
            "comparison": ">",
            "compare_to": 2
        },
        "chest": {
            "type": "origins:armor_value",
            "comparison": ">",
            "compare_to": 6
        },
        "legs": {
            "type": "origins:armor_value",
            "comparison": ">",
            "compare_to": 5
        },
        "feet": {
            "type": "origins:armor_value",
            "comparison": ">",
            "compare_to": 2
        }
    }
}
