{
    "type": "origins:phasing",
    "blacklist": true,
    "render_type": "remove_blocks",
    "view_distance": 10,
    "block_condition": {
        "type": "origins:in_tag",
        "tag": "origins:unphasable"
    },
    "condition": {
        "type": "origins:resource",
        "resource": "eclipse:primaryactive_primaryresource",
        "comparison": "==",
        "compare_to": 1
    },
    "phase_down_condition": {
        "type": "origins:and",
        "conditions": [
            {
                "type": "origins:resource",
                "resource": "eclipse:dashresource",
                "comparison": "==",
                "compare_to": 0
            },
            {
                "type": "origins:sneaking"
            },
            {
                "type": "origins:on_block"
            }
        ]
    },
    "hidden": true
}
