{
    "type": "origins:multiple",
    "name": "Force Disconnect",
    "description": "[Primary] Disconnect from the physical realm for 5 seconds. During that time you take and deal no damage, can phase through blocks, have increased movement speed and decreased attack speed. After force disconnect is done, all the enemies you attacked during the ability will take 50% of all the damage you would have dealt as unblockable magic damage that penetrates armor. You also take 50% of the damage enemies would have dealt to you as blockable magic damage (15s cooldown)",
    "primaryresource": {
        "type": "origins:resource",
        "min": 0,
        "max": 1,
        "hud_render": {
            "should_render": false
        }
    },
    "movementspeed": {
        "type": "origins:conditioned_attribute",
        "tick_rate": 20,
        "update_health": true,
        "modifier": {
            "attribute": "minecraft:generic.movement_speed",
            "value": 0.05,
            "operation": "addition"
        },
        "hidden": true,
        "condition": {
            "type": "origins:resource",
            "resource": "eclipse:primaryactive_primaryresource",
            "comparison": "==",
            "compare_to": 1
        }
    },
    "attackspeed": {
        "type": "origins:conditioned_attribute",
        "tick_rate": 20,
        "update_health": true,
        "modifier": {
            "attribute": "minecraft:generic.attack_speed",
            "value": -0.2,
            "operation": "addition"
        },
        "hidden": true,
        "condition": {
            "type": "origins:resource",
            "resource": "eclipse:primaryactive_primaryresource",
            "comparison": "==",
            "compare_to": 1
        }
    },
    "storeddamage": {
        "type": "origins:resource",
        "min": 0,
        "max": 41,
        "hud_render": {
            "should_render": true,
            "bar_index": 5,
            "sprite_location": "origins:textures/gui/community/spiderkolo/resource_bar_01.png"
        },
        "hidden": true
    },
    "primaryactivate": {
        "type": "origins:active_self",
        "key": {
            "key": "key.origins.primary_active"
        },
        "cooldown": 300,
        "hud_render": {
            "should_render": true,
            "bar_index": 1,
            "sprite_location": "origins:textures/gui/community/huang/resource_bar_02.png"
        },
        "entity_action": {
            "type": "origins:and",
            "actions": [
                {
                    "type": "origins:execute_command",
                    "command": "scoreboard objectives add enemyhp dummy"
                },
                {
                    "type": "origins:delay",
                    "ticks": 2,
                    "action": {
                        "type": "origins:execute_command",
                        "command": "execute store result score @s enemyhp run data get entity @s Health"
                    }
                },
                {
                    "type": "origins:revoke_power",
                    "power": "eclipse:primarylimit_usagedrop",
                    "source": "eclipse:eclipse"
                },
                {
                    "type": "origins:delay",
                    "ticks": 300,
                    "action": {
                        "type": "origins:grant_power",
                        "power": "eclipse:primarylimit_usagedrop",
                        "source": "eclipse:eclipse"
                    }
                },
                {
                    "type": "origins:if_else_list",
                    "actions": [
                        {
                            "action": {
                                "type": "origins:change_resource",
                                "resource": "eclipse:primarylimit_limitresource",
                                "change": 1,
                                "operation": "add"
                            },
                            "condition": {
                                "type": "origins:resource",
                                "resource": "eclipse:primarylimit_limitresource",
                                "compare_to": 3,
                                "comparison": "<"
                            }
                        },
                        {
                            "action": {
                                "type": "origins:and",
                                "actions": [
                                    {
                                        "type": "origins:change_resource",
                                        "resource": "eclipse:primarylimit_limitresource",
                                        "change": 0,
                                        "operation": "set"
                                    },
                                    {
                                        "type": "origins:delay",
                                        "ticks": 100,
                                        "action": {
                                            "type": "origins:change_resource",
                                            "resource": "eclipse:primarylimit_overstimulated",
                                            "change": 1,
                                            "operation": "set"
                                        }
                                    },
                                    {
                                        "type": "origins:delay",
                                        "ticks": 700,
                                        "action": {
                                            "type": "origins:change_resource",
                                            "resource": "eclipse:primarylimit_overstimulated",
                                            "change": 0,
                                            "operation": "set"
                                        }
                                    }
                                ]
                            },
                            "condition": {
                                "type": "origins:resource",
                                "resource": "eclipse:primarylimit_limitresource",
                                "compare_to": 3,
                                "comparison": "=="
                            }
                        }
                    ]
                },
                {
                    "type": "origins:change_resource",
                    "resource": "eclipse:primaryactive_primaryresource",
                    "change": 1,
                    "operation": "set"
                },
                {
                    "type": "origins:delay",
                    "ticks": 120,
                    "action": {
                        "type": "origins:change_resource",
                        "resource": "eclipse:primaryactive_storeddamage",
                        "change": 0,
                        "operation": "set"
                    }
                },
                {
                    "type": "origins:delay",
                    "ticks": 100,
                    "action": {
                        "type": "origins:change_resource",
                        "resource": "eclipse:primaryactive_primaryresource",
                        "change": 0,
                        "operation": "set"
                    }
                },
                {
                    "type": "origins:delay",
                    "ticks": 1,
                    "action": {
                        "type": "origins:play_sound",
                        "sound": "minecraft:entity.enderman.teleport",
                        "pitch": 0.1,
                        "volume": 1
                    }
                },
                {
                    "type": "origins:delay",
                    "ticks": 105,
                    "action": {
                        "type": "origins:play_sound",
                        "sound": "minecraft:block.glass.break",
                        "pitch": 0.5,
                        "volume": 3
                    }
                },
                {
                    "type": "origins:delay",
                    "ticks": 105,
                    "action": {
                        "type": "origins:execute_command",
                        "command": "/particle minecraft:enchanted_hit ~ ~1.5 ~ 0.1 0.1 0.1 1 100"
                    }
                }
            ]
        },
        "hidden": true,
        "condition": {
            "type": "origins:resource",
            "resource": "eclipse:primarylimit_overstimulated",
            "compare_to": 0,
            "comparison": "=="
        }
    },
    "preventdying": {
        "type": "origins:prevent_death",
        "hidden": true,
        "condition": {
            "type": "origins:resource",
            "resource": "eclipse:primaryactive_primaryresource",
            "comparison": "==",
            "compare_to": 1
        }
    },
    "setenemypower": {
        "type": "origins:active_self",
        "key": {
            "key": "key.origins.primary_active"
        },
        "entity_action": {
            "type": "origins:and",
            "actions": [
                {
                    "type": "origins:execute_command",
                    "command": "power grant @e[team=!eclipse] eclipse:targetpower"
                },
                {
                    "type": "origins:execute_command",
                    "command": "power grant @e[team=!eclipse] eclipse:enemystoreddamage"
                },
                {
                    "type": "origins:delay",
                    "ticks": 106,
                    "action": {
                        "type": "origins:execute_command",
                        "command": "power revoke @e eclipse:targetpower"
                    }
                },
                {
                    "type": "origins:delay",
                    "ticks": 106,
                    "action": {
                        "type": "origins:execute_command",
                        "command": "power revoke @e eclipse:enemystoreddamage"
                    }
                }
            ]
        },
        "hidden": true,
        "cooldown": 1
    },
    "getdamage1": {
        "type": "origins:self_action_when_hit",
        "condition": {
            "type": "origins:resource",
            "compare_to": 1,
            "comparison": "==",
            "resource": "eclipse:primaryactive_primaryresource"
        },
        "cooldown": 1,
        "entity_action": {
            "type": "origins:and",
            "actions": [
                {
                    "type": "origins:change_resource",
                    "operation": "add",
                    "resource": "eclipse:primaryactive_storeddamage",
                    "change": 1
                },
                {
                    "type": "origins:execute_command",
                    "command": "execute store result entity @s Health double 1 run scoreboard players get @s enemyhp"
                }
            ]
        },
        "damage_condition": {
            "type": "origins:and",
            "conditions": [
                {
                    "type": "origins:amount",
                    "compare_to": 1,
                    "comparison": ">="
                },
                {
                    "type": "origins:amount",
                    "compare_to": 2,
                    "comparison": "<"
                }
            ]
        }
    },
    "getdamage2": {
        "type": "origins:self_action_when_hit",
        "condition": {
            "type": "origins:resource",
            "compare_to": 1,
            "comparison": "==",
            "resource": "eclipse:primaryactive_primaryresource"
        },
        "cooldown": 1,
        "entity_action": {
            "type": "origins:and",
            "actions": [
                {
                    "type": "origins:change_resource",
                    "operation": "add",
                    "resource": "eclipse:primaryactive_storeddamage",
                    "change": 2
                },
                {
                    "type": "origins:execute_command",
                    "command": "execute store result entity @s Health double 1 run scoreboard players get @s enemyhp"
                }
            ]
        },
        "damage_condition": {
            "type": "origins:and",
            "conditions": [
                {
                    "type": "origins:amount",
                    "compare_to": 2,
                    "comparison": ">="
                },
                {
                    "type": "origins:amount",
                    "compare_to": 3,
                    "comparison": "<"
                }
            ]
        }
    },
    "getdamage3": {
        "type": "origins:self_action_when_hit",
        "condition": {
            "type": "origins:resource",
            "compare_to": 1,
            "comparison": "==",
            "resource": "eclipse:primaryactive_primaryresource"
        },
        "cooldown": 1,
        "entity_action": {
            "type": "origins:and",
            "actions": [
                {
                    "type": "origins:change_resource",
                    "operation": "add",
                    "resource": "eclipse:primaryactive_storeddamage",
                    "change": 3
                },
                {
                    "type": "origins:execute_command",
                    "command": "execute store result entity @s Health double 1 run scoreboard players get @s enemyhp"
                }
            ]
        },
        "damage_condition": {
            "type": "origins:or",
            "conditions": [
                {
                    "type": "origins:and",
                    "conditions": [
                        {
                            "type": "origins:amount",
                            "compare_to": 3,
                            "comparison": ">="
                        },
                        {
                            "type": "origins:amount",
                            "compare_to": 4,
                            "comparison": "<"
                        }
                    ]
                },
                {
                    "type": "origins:attacker",
                    "entity_condition": {
                        "type": "origins:or",
                        "conditions": [
                            {
                                "type": "origins:entity_group",
                                "group": "arthropod"
                            },
                            {
                                "type": "origins:entity_group",
                                "group": "illager"
                            },
                            {
                                "type": "origins:entity_group",
                                "group": "undead"
                            },
                            {
                                "type": "origins:entity_group",
                                "group": "aquatic"
                            }
                        ]
                    }
                }
            ]
        }
    },
    "getdamage4": {
        "type": "origins:self_action_when_hit",
        "condition": {
            "type": "origins:resource",
            "compare_to": 1,
            "comparison": "==",
            "resource": "eclipse:primaryactive_primaryresource"
        },
        "cooldown": 1,
        "entity_action": {
            "type": "origins:and",
            "actions": [
                {
                    "type": "origins:change_resource",
                    "operation": "add",
                    "resource": "eclipse:primaryactive_storeddamage",
                    "change": 4
                },
                {
                    "type": "origins:execute_command",
                    "command": "execute store result entity @s Health double 1 run scoreboard players get @s enemyhp"
                }
            ]
        },
        "damage_condition": {
            "type": "origins:and",
            "conditions": [
                {
                    "type": "origins:amount",
                    "compare_to": 4,
                    "comparison": ">="
                },
                {
                    "type": "origins:amount",
                    "compare_to": 5,
                    "comparison": "<"
                }
            ]
        }
    },
    "getdamage5": {
        "type": "origins:self_action_when_hit",
        "condition": {
            "type": "origins:resource",
            "compare_to": 1,
            "comparison": "==",
            "resource": "eclipse:primaryactive_primaryresource"
        },
        "cooldown": 1,
        "entity_action": {
            "type": "origins:and",
            "actions": [
                {
                    "type": "origins:change_resource",
                    "operation": "add",
                    "resource": "eclipse:primaryactive_storeddamage",
                    "change": 5
                },
                {
                    "type": "origins:execute_command",
                    "command": "execute store result entity @s Health double 1 run scoreboard players get @s enemyhp"
                }
            ]
        },
        "damage_condition": {
            "type": "origins:and",
            "conditions": [
                {
                    "type": "origins:amount",
                    "compare_to": 5,
                    "comparison": ">="
                },
                {
                    "type": "origins:amount",
                    "compare_to": 6,
                    "comparison": "<"
                }
            ]
        }
    },
    "getdamage6": {
        "type": "origins:self_action_when_hit",
        "condition": {
            "type": "origins:resource",
            "compare_to": 1,
            "comparison": "==",
            "resource": "eclipse:primaryactive_primaryresource"
        },
        "cooldown": 1,
        "entity_action": {
            "type": "origins:and",
            "actions": [
                {
                    "type": "origins:change_resource",
                    "operation": "add",
                    "resource": "eclipse:primaryactive_storeddamage",
                    "change": 6
                },
                {
                    "type": "origins:execute_command",
                    "command": "execute store result entity @s Health double 1 run scoreboard players get @s enemyhp"
                }
            ]
        },
        "damage_condition": {
            "type": "origins:and",
            "conditions": [
                {
                    "type": "origins:amount",
                    "compare_to": 6,
                    "comparison": ">="
                },
                {
                    "type": "origins:amount",
                    "compare_to": 7,
                    "comparison": "<"
                }
            ]
        }
    },
    "getdamage7": {
        "type": "origins:self_action_when_hit",
        "condition": {
            "type": "origins:resource",
            "compare_to": 1,
            "comparison": "==",
            "resource": "eclipse:primaryactive_primaryresource"
        },
        "cooldown": 1,
        "entity_action": {
            "type": "origins:and",
            "actions": [
                {
                    "type": "origins:change_resource",
                    "operation": "add",
                    "resource": "eclipse:primaryactive_storeddamage",
                    "change": 7
                },
                {
                    "type": "origins:execute_command",
                    "command": "execute store result entity @s Health double 1 run scoreboard players get @s enemyhp"
                }
            ]
        },
        "damage_condition": {
            "type": "origins:and",
            "conditions": [
                {
                    "type": "origins:amount",
                    "compare_to": 7,
                    "comparison": ">="
                },
                {
                    "type": "origins:amount",
                    "compare_to": 8,
                    "comparison": "<"
                }
            ]
        }
    },
    "getdamage8": {
        "type": "origins:self_action_when_hit",
        "condition": {
            "type": "origins:resource",
            "compare_to": 1,
            "comparison": "==",
            "resource": "eclipse:primaryactive_primaryresource"
        },
        "cooldown": 1,
        "entity_action": {
            "type": "origins:and",
            "actions": [
                {
                    "type": "origins:change_resource",
                    "operation": "add",
                    "resource": "eclipse:primaryactive_storeddamage",
                    "change": 8
                },
                {
                    "type": "origins:execute_command",
                    "command": "execute store result entity @s Health double 1 run scoreboard players get @s enemyhp"
                }
            ]
        },
        "damage_condition": {
            "type": "origins:and",
            "conditions": [
                {
                    "type": "origins:amount",
                    "compare_to": 8,
                    "comparison": ">="
                },
                {
                    "type": "origins:amount",
                    "compare_to": 9,
                    "comparison": "<"
                }
            ]
        }
    },
    "getdamage9": {
        "type": "origins:self_action_when_hit",
        "condition": {
            "type": "origins:resource",
            "compare_to": 1,
            "comparison": "==",
            "resource": "eclipse:primaryactive_primaryresource"
        },
        "cooldown": 1,
        "entity_action": {
            "type": "origins:and",
            "actions": [
                {
                    "type": "origins:change_resource",
                    "operation": "add",
                    "resource": "eclipse:primaryactive_storeddamage",
                    "change": 9
                },
                {
                    "type": "origins:execute_command",
                    "command": "execute store result entity @s Health double 1 run scoreboard players get @s enemyhp"
                }
            ]
        },
        "damage_condition": {
            "type": "origins:and",
            "conditions": [
                {
                    "type": "origins:amount",
                    "compare_to": 9,
                    "comparison": ">="
                },
                {
                    "type": "origins:amount",
                    "compare_to": 10,
                    "comparison": "<"
                }
            ]
        }
    },
    "getdamage10": {
        "type": "origins:self_action_when_hit",
        "condition": {
            "type": "origins:resource",
            "compare_to": 1,
            "comparison": "==",
            "resource": "eclipse:primaryactive_primaryresource"
        },
        "cooldown": 1,
        "entity_action": {
            "type": "origins:and",
            "actions": [
                {
                    "type": "origins:change_resource",
                    "operation": "add",
                    "resource": "eclipse:primaryactive_storeddamage",
                    "change": 10
                },
                {
                    "type": "origins:execute_command",
                    "command": "execute store result entity @s Health double 1 run scoreboard players get @s enemyhp"
                }
            ]
        },
        "damage_condition": {
            "type": "origins:and",
            "conditions": [
                {
                    "type": "origins:amount",
                    "compare_to": 10,
                    "comparison": ">="
                },
                {
                    "type": "origins:amount",
                    "compare_to": 11,
                    "comparison": "<"
                }
            ]
        }
    },
    "getdamage11": {
        "type": "origins:self_action_when_hit",
        "condition": {
            "type": "origins:resource",
            "compare_to": 1,
            "comparison": "==",
            "resource": "eclipse:primaryactive_primaryresource"
        },
        "cooldown": 1,
        "entity_action": {
            "type": "origins:and",
            "actions": [
                {
                    "type": "origins:change_resource",
                    "operation": "add",
                    "resource": "eclipse:primaryactive_storeddamage",
                    "change": 11
                },
                {
                    "type": "origins:execute_command",
                    "command": "execute store result entity @s Health double 1 run scoreboard players get @s enemyhp"
                }
            ]
        },
        "damage_condition": {
            "type": "origins:and",
            "conditions": [
                {
                    "type": "origins:amount",
                    "compare_to": 11,
                    "comparison": ">="
                },
                {
                    "type": "origins:amount",
                    "compare_to": 12,
                    "comparison": "<"
                }
            ]
        }
    },
    "getdamage12": {
        "type": "origins:self_action_when_hit",
        "condition": {
            "type": "origins:resource",
            "compare_to": 1,
            "comparison": "==",
            "resource": "eclipse:primaryactive_primaryresource"
        },
        "cooldown": 1,
        "entity_action": {
            "type": "origins:and",
            "actions": [
                {
                    "type": "origins:change_resource",
                    "operation": "add",
                    "resource": "eclipse:primaryactive_storeddamage",
                    "change": 12
                },
                {
                    "type": "origins:execute_command",
                    "command": "execute store result entity @s Health double 1 run scoreboard players get @s enemyhp"
                }
            ]
        },
        "damage_condition": {
            "type": "origins:and",
            "conditions": [
                {
                    "type": "origins:amount",
                    "compare_to": 12,
                    "comparison": ">="
                },
                {
                    "type": "origins:amount",
                    "compare_to": 13,
                    "comparison": "<"
                }
            ]
        }
    },
    "getdamage13": {
        "type": "origins:self_action_when_hit",
        "condition": {
            "type": "origins:resource",
            "compare_to": 1,
            "comparison": "==",
            "resource": "eclipse:primaryactive_primaryresource"
        },
        "cooldown": 1,
        "entity_action": {
            "type": "origins:and",
            "actions": [
                {
                    "type": "origins:change_resource",
                    "operation": "add",
                    "resource": "eclipse:primaryactive_storeddamage",
                    "change": 13
                },
                {
                    "type": "origins:execute_command",
                    "command": "execute store result entity @s Health double 1 run scoreboard players get @s enemyhp"
                }
            ]
        },
        "damage_condition": {
            "type": "origins:and",
            "conditions": [
                {
                    "type": "origins:amount",
                    "compare_to": 13,
                    "comparison": ">="
                },
                {
                    "type": "origins:amount",
                    "compare_to": 14,
                    "comparison": "<"
                }
            ]
        }
    },
    "getdamage14": {
        "type": "origins:self_action_when_hit",
        "condition": {
            "type": "origins:resource",
            "compare_to": 1,
            "comparison": "==",
            "resource": "eclipse:primaryactive_primaryresource"
        },
        "cooldown": 1,
        "entity_action": {
            "type": "origins:and",
            "actions": [
                {
                    "type": "origins:change_resource",
                    "operation": "add",
                    "resource": "eclipse:primaryactive_storeddamage",
                    "change": 14
                },
                {
                    "type": "origins:execute_command",
                    "command": "execute store result entity @s Health double 1 run scoreboard players get @s enemyhp"
                }
            ]
        },
        "damage_condition": {
            "type": "origins:and",
            "conditions": [
                {
                    "type": "origins:amount",
                    "compare_to": 14,
                    "comparison": ">="
                },
                {
                    "type": "origins:amount",
                    "compare_to": 15,
                    "comparison": "<"
                }
            ]
        }
    },
    "getdamage15": {
        "type": "origins:self_action_when_hit",
        "condition": {
            "type": "origins:resource",
            "compare_to": 1,
            "comparison": "==",
            "resource": "eclipse:primaryactive_primaryresource"
        },
        "cooldown": 1,
        "entity_action": {
            "type": "origins:and",
            "actions": [
                {
                    "type": "origins:change_resource",
                    "operation": "add",
                    "resource": "eclipse:primaryactive_storeddamage",
                    "change": 15
                },
                {
                    "type": "origins:execute_command",
                    "command": "execute store result entity @s Health double 1 run scoreboard players get @s enemyhp"
                }
            ]
        },
        "damage_condition": {
            "type": "origins:and",
            "conditions": [
                {
                    "type": "origins:amount",
                    "compare_to": 15,
                    "comparison": ">="
                },
                {
                    "type": "origins:amount",
                    "compare_to": 16,
                    "comparison": "<"
                }
            ]
        }
    },
    "getdamage16": {
        "type": "origins:self_action_when_hit",
        "condition": {
            "type": "origins:resource",
            "compare_to": 1,
            "comparison": "==",
            "resource": "eclipse:primaryactive_primaryresource"
        },
        "cooldown": 1,
        "entity_action": {
            "type": "origins:and",
            "actions": [
                {
                    "type": "origins:change_resource",
                    "operation": "add",
                    "resource": "eclipse:primaryactive_storeddamage",
                    "change": 16
                },
                {
                    "type": "origins:execute_command",
                    "command": "execute store result entity @s Health double 1 run scoreboard players get @s enemyhp"
                }
            ]
        },
        "damage_condition": {
            "type": "origins:and",
            "conditions": [
                {
                    "type": "origins:amount",
                    "compare_to": 16,
                    "comparison": ">="
                },
                {
                    "type": "origins:amount",
                    "compare_to": 17,
                    "comparison": "<"
                }
            ]
        }
    },
    "getdamage17": {
        "type": "origins:self_action_when_hit",
        "condition": {
            "type": "origins:resource",
            "compare_to": 1,
            "comparison": "==",
            "resource": "eclipse:primaryactive_primaryresource"
        },
        "cooldown": 1,
        "entity_action": {
            "type": "origins:and",
            "actions": [
                {
                    "type": "origins:change_resource",
                    "operation": "add",
                    "resource": "eclipse:primaryactive_storeddamage",
                    "change": 17
                },
                {
                    "type": "origins:execute_command",
                    "command": "execute store result entity @s Health double 1 run scoreboard players get @s enemyhp"
                }
            ]
        },
        "damage_condition": {
            "type": "origins:and",
            "conditions": [
                {
                    "type": "origins:amount",
                    "compare_to": 17,
                    "comparison": ">="
                },
                {
                    "type": "origins:amount",
                    "compare_to": 18,
                    "comparison": "<"
                }
            ]
        }
    },
    "getdamage18": {
        "type": "origins:self_action_when_hit",
        "condition": {
            "type": "origins:resource",
            "compare_to": 1,
            "comparison": "==",
            "resource": "eclipse:primaryactive_primaryresource"
        },
        "cooldown": 1,
        "entity_action": {
            "type": "origins:and",
            "actions": [
                {
                    "type": "origins:change_resource",
                    "operation": "add",
                    "resource": "eclipse:primaryactive_storeddamage",
                    "change": 18
                },
                {
                    "type": "origins:execute_command",
                    "command": "execute store result entity @s Health double 1 run scoreboard players get @s enemyhp"
                }
            ]
        },
        "damage_condition": {
            "type": "origins:and",
            "conditions": [
                {
                    "type": "origins:amount",
                    "compare_to": 18,
                    "comparison": ">="
                },
                {
                    "type": "origins:amount",
                    "compare_to": 19,
                    "comparison": "<"
                }
            ]
        }
    },
    "getdamage19": {
        "type": "origins:self_action_when_hit",
        "condition": {
            "type": "origins:resource",
            "compare_to": 1,
            "comparison": "==",
            "resource": "eclipse:primaryactive_primaryresource"
        },
        "cooldown": 1,
        "entity_action": {
            "type": "origins:and",
            "actions": [
                {
                    "type": "origins:change_resource",
                    "operation": "add",
                    "resource": "eclipse:primaryactive_storeddamage",
                    "change": 19
                },
                {
                    "type": "origins:execute_command",
                    "command": "execute store result entity @s Health double 1 run scoreboard players get @s enemyhp"
                }
            ]
        },
        "damage_condition": {
            "type": "origins:and",
            "conditions": [
                {
                    "type": "origins:amount",
                    "compare_to": 19,
                    "comparison": ">="
                },
                {
                    "type": "origins:amount",
                    "compare_to": 20,
                    "comparison": "<"
                }
            ]
        }
    },
    "getdamage20": {
        "type": "origins:self_action_when_hit",
        "condition": {
            "type": "origins:resource",
            "compare_to": 1,
            "comparison": "==",
            "resource": "eclipse:primaryactive_primaryresource"
        },
        "cooldown": 1,
        "entity_action": {
            "type": "origins:and",
            "actions": [
                {
                    "type": "origins:change_resource",
                    "operation": "add",
                    "resource": "eclipse:primaryactive_storeddamage",
                    "change": 20
                },
                {
                    "type": "origins:execute_command",
                    "command": "execute store result entity @s Health double 1 run scoreboard players get @s enemyhp"
                }
            ]
        },
        "damage_condition": {
            "type": "origins:and",
            "conditions": [
                {
                    "type": "origins:amount",
                    "compare_to": 20,
                    "comparison": ">="
                }
            ]
        }
    },
    "dealdamage": {
        "type": "origins:active_self",
        "cooldown": 300,
        "key": {
            "key": "key.origins.primary_active"
        },
        "entity_action": {
            "type": "origins:delay",
            "ticks": 105,
            "action": {
                "type": "origins:if_else_list",
                "actions": [
                    {
                        "condition": {
                            "type": "origins:resource",
                            "resource": "eclipse:primaryactive_storeddamage",
                            "comparison": "<=",
                            "compare_to": 0
                        },
                        "action": {
                            "type": "origins:nothing"
                        }
                    },
                    {
                        "condition": {
                            "type": "origins:resource",
                            "resource": "eclipse:primaryactive_storeddamage",
                            "comparison": "==",
                            "compare_to": 1
                        },
                        "action": {
                            "type": "origins:damage",
                            "source": {
                                "name": "magic",
                                "magic": true,
                                "bypasses_armor": false,
                                "unblockable": false
                            },
                            "amount": 0.5
                        }
                    },
                    {
                        "condition": {
                            "type": "origins:resource",
                            "resource": "eclipse:primaryactive_storeddamage",
                            "comparison": "==",
                            "compare_to": 2
                        },
                        "action": {
                            "type": "origins:damage",
                            "source": {
                                "name": "magic",
                                "magic": true,
                                "bypasses_armor": false,
                                "unblockable": false
                            },
                            "amount": 1
                        }
                    },
                    {
                        "condition": {
                            "type": "origins:resource",
                            "resource": "eclipse:primaryactive_storeddamage",
                            "comparison": "==",
                            "compare_to": 3
                        },
                        "action": {
                            "type": "origins:damage",
                            "source": {
                                "name": "magic",
                                "magic": true,
                                "bypasses_armor": false,
                                "unblockable": false
                            },
                            "amount": 1.5
                        }
                    },
                    {
                        "condition": {
                            "type": "origins:resource",
                            "resource": "eclipse:primaryactive_storeddamage",
                            "comparison": "==",
                            "compare_to": 4
                        },
                        "action": {
                            "type": "origins:damage",
                            "source": {
                                "name": "magic",
                                "magic": true,
                                "bypasses_armor": false,
                                "unblockable": false
                            },
                            "amount": 2
                        }
                    },
                    {
                        "condition": {
                            "type": "origins:resource",
                            "resource": "eclipse:primaryactive_storeddamage",
                            "comparison": "==",
                            "compare_to": 5
                        },
                        "action": {
                            "type": "origins:damage",
                            "source": {
                                "name": "magic",
                                "magic": true,
                                "bypasses_armor": false,
                                "unblockable": false
                            },
                            "amount": 2.5
                        }
                    },
                    {
                        "condition": {
                            "type": "origins:resource",
                            "resource": "eclipse:primaryactive_storeddamage",
                            "comparison": "==",
                            "compare_to": 6
                        },
                        "action": {
                            "type": "origins:damage",
                            "source": {
                                "name": "magic",
                                "magic": true,
                                "bypasses_armor": false,
                                "unblockable": false
                            },
                            "amount": 3
                        }
                    },
                    {
                        "condition": {
                            "type": "origins:resource",
                            "resource": "eclipse:primaryactive_storeddamage",
                            "comparison": "==",
                            "compare_to": 7
                        },
                        "action": {
                            "type": "origins:damage",
                            "source": {
                                "name": "magic",
                                "magic": true,
                                "bypasses_armor": false,
                                "unblockable": false
                            },
                            "amount": 3.5
                        }
                    },
                    {
                        "condition": {
                            "type": "origins:resource",
                            "resource": "eclipse:primaryactive_storeddamage",
                            "comparison": "==",
                            "compare_to": 8
                        },
                        "action": {
                            "type": "origins:damage",
                            "source": {
                                "name": "magic",
                                "magic": true,
                                "bypasses_armor": false,
                                "unblockable": false
                            },
                            "amount": 4
                        }
                    },
                    {
                        "condition": {
                            "type": "origins:resource",
                            "resource": "eclipse:primaryactive_storeddamage",
                            "comparison": "==",
                            "compare_to": 9
                        },
                        "action": {
                            "type": "origins:damage",
                            "source": {
                                "name": "magic",
                                "magic": true,
                                "bypasses_armor": false,
                                "unblockable": false
                            },
                            "amount": 4.5
                        }
                    },
                    {
                        "condition": {
                            "type": "origins:resource",
                            "resource": "eclipse:primaryactive_storeddamage",
                            "comparison": "==",
                            "compare_to": 10
                        },
                        "action": {
                            "type": "origins:damage",
                            "source": {
                                "name": "magic",
                                "magic": true,
                                "bypasses_armor": false,
                                "unblockable": false
                            },
                            "amount": 5
                        }
                    },
                    {
                        "condition": {
                            "type": "origins:resource",
                            "resource": "eclipse:primaryactive_storeddamage",
                            "comparison": "==",
                            "compare_to": 11
                        },
                        "action": {
                            "type": "origins:damage",
                            "source": {
                                "name": "magic",
                                "magic": true,
                                "bypasses_armor": false,
                                "unblockable": false
                            },
                            "amount": 5.5
                        }
                    },
                    {
                        "condition": {
                            "type": "origins:resource",
                            "resource": "eclipse:primaryactive_storeddamage",
                            "comparison": "==",
                            "compare_to": 12
                        },
                        "action": {
                            "type": "origins:damage",
                            "source": {
                                "name": "magic",
                                "magic": true,
                                "bypasses_armor": false,
                                "unblockable": false
                            },
                            "amount": 6
                        }
                    },
                    {
                        "condition": {
                            "type": "origins:resource",
                            "resource": "eclipse:primaryactive_storeddamage",
                            "comparison": "==",
                            "compare_to": 13
                        },
                        "action": {
                            "type": "origins:damage",
                            "source": {
                                "name": "magic",
                                "magic": true,
                                "bypasses_armor": false,
                                "unblockable": false
                            },
                            "amount": 6.5
                        }
                    },
                    {
                        "condition": {
                            "type": "origins:resource",
                            "resource": "eclipse:primaryactive_storeddamage",
                            "comparison": "==",
                            "compare_to": 14
                        },
                        "action": {
                            "type": "origins:damage",
                            "source": {
                                "name": "magic",
                                "magic": true,
                                "bypasses_armor": false,
                                "unblockable": false
                            },
                            "amount": 7
                        }
                    },
                    {
                        "condition": {
                            "type": "origins:resource",
                            "resource": "eclipse:primaryactive_storeddamage",
                            "comparison": "==",
                            "compare_to": 15
                        },
                        "action": {
                            "type": "origins:damage",
                            "source": {
                                "name": "magic",
                                "magic": true,
                                "bypasses_armor": false,
                                "unblockable": false
                            },
                            "amount": 7.5
                        }
                    },
                    {
                        "condition": {
                            "type": "origins:resource",
                            "resource": "eclipse:primaryactive_storeddamage",
                            "comparison": "==",
                            "compare_to": 16
                        },
                        "action": {
                            "type": "origins:damage",
                            "source": {
                                "name": "magic",
                                "magic": true,
                                "bypasses_armor": false,
                                "unblockable": false
                            },
                            "amount": 8
                        }
                    },
                    {
                        "condition": {
                            "type": "origins:resource",
                            "resource": "eclipse:primaryactive_storeddamage",
                            "comparison": "==",
                            "compare_to": 17
                        },
                        "action": {
                            "type": "origins:damage",
                            "source": {
                                "name": "magic",
                                "magic": true,
                                "bypasses_armor": false,
                                "unblockable": false
                            },
                            "amount": 8.5
                        }
                    },
                    {
                        "condition": {
                            "type": "origins:resource",
                            "resource": "eclipse:primaryactive_storeddamage",
                            "comparison": "==",
                            "compare_to": 18
                        },
                        "action": {
                            "type": "origins:damage",
                            "source": {
                                "name": "magic",
                                "magic": true,
                                "bypasses_armor": false,
                                "unblockable": false
                            },
                            "amount": 9
                        }
                    },
                    {
                        "condition": {
                            "type": "origins:resource",
                            "resource": "eclipse:primaryactive_storeddamage",
                            "comparison": "==",
                            "compare_to": 19
                        },
                        "action": {
                            "type": "origins:damage",
                            "source": {
                                "name": "magic",
                                "magic": true,
                                "bypasses_armor": false,
                                "unblockable": false
                            },
                            "amount": 9.5
                        }
                    },
                    {
                        "condition": {
                            "type": "origins:resource",
                            "resource": "eclipse:primaryactive_storeddamage",
                            "comparison": "==",
                            "compare_to": 20
                        },
                        "action": {
                            "type": "origins:damage",
                            "source": {
                                "name": "magic",
                                "magic": true,
                                "bypasses_armor": false,
                                "unblockable": false
                            },
                            "amount": 10
                        }
                    },
                    {
                        "condition": {
                            "type": "origins:resource",
                            "resource": "eclipse:primaryactive_storeddamage",
                            "comparison": "==",
                            "compare_to": 21
                        },
                        "action": {
                            "type": "origins:damage",
                            "source": {
                                "name": "magic",
                                "magic": true,
                                "bypasses_armor": false,
                                "unblockable": false
                            },
                            "amount": 10.5
                        }
                    },
                    {
                        "condition": {
                            "type": "origins:resource",
                            "resource": "eclipse:primaryactive_storeddamage",
                            "comparison": "==",
                            "compare_to": 22
                        },
                        "action": {
                            "type": "origins:damage",
                            "source": {
                                "name": "magic",
                                "magic": true,
                                "bypasses_armor": false,
                                "unblockable": false
                            },
                            "amount": 11
                        }
                    },
                    {
                        "condition": {
                            "type": "origins:resource",
                            "resource": "eclipse:primaryactive_storeddamage",
                            "comparison": "==",
                            "compare_to": 23
                        },
                        "action": {
                            "type": "origins:damage",
                            "source": {
                                "name": "magic",
                                "magic": true,
                                "bypasses_armor": false,
                                "unblockable": false
                            },
                            "amount": 11.5
                        }
                    },
                    {
                        "condition": {
                            "type": "origins:resource",
                            "resource": "eclipse:primaryactive_storeddamage",
                            "comparison": "==",
                            "compare_to": 24
                        },
                        "action": {
                            "type": "origins:damage",
                            "source": {
                                "name": "magic",
                                "magic": true,
                                "bypasses_armor": false,
                                "unblockable": false
                            },
                            "amount": 12
                        }
                    },
                    {
                        "condition": {
                            "type": "origins:resource",
                            "resource": "eclipse:primaryactive_storeddamage",
                            "comparison": "==",
                            "compare_to": 25
                        },
                        "action": {
                            "type": "origins:damage",
                            "source": {
                                "name": "magic",
                                "magic": true,
                                "bypasses_armor": false,
                                "unblockable": false
                            },
                            "amount": 12.5
                        }
                    },
                    {
                        "condition": {
                            "type": "origins:resource",
                            "resource": "eclipse:primaryactive_storeddamage",
                            "comparison": "==",
                            "compare_to": 26
                        },
                        "action": {
                            "type": "origins:damage",
                            "source": {
                                "name": "magic",
                                "magic": true,
                                "bypasses_armor": false,
                                "unblockable": false
                            },
                            "amount": 13
                        }
                    },
                    {
                        "condition": {
                            "type": "origins:resource",
                            "resource": "eclipse:primaryactive_storeddamage",
                            "comparison": "==",
                            "compare_to": 27
                        },
                        "action": {
                            "type": "origins:damage",
                            "source": {
                                "name": "magic",
                                "magic": true,
                                "bypasses_armor": false,
                                "unblockable": false
                            },
                            "amount": 13.5
                        }
                    },
                    {
                        "condition": {
                            "type": "origins:resource",
                            "resource": "eclipse:primaryactive_storeddamage",
                            "comparison": "==",
                            "compare_to": 28
                        },
                        "action": {
                            "type": "origins:damage",
                            "source": {
                                "name": "magic",
                                "magic": true,
                                "bypasses_armor": false,
                                "unblockable": false
                            },
                            "amount": 14
                        }
                    },
                    {
                        "condition": {
                            "type": "origins:resource",
                            "resource": "eclipse:primaryactive_storeddamage",
                            "comparison": "==",
                            "compare_to": 29
                        },
                        "action": {
                            "type": "origins:damage",
                            "source": {
                                "name": "magic",
                                "magic": true,
                                "bypasses_armor": false,
                                "unblockable": false
                            },
                            "amount": 14.5
                        }
                    },
                    {
                        "condition": {
                            "type": "origins:resource",
                            "resource": "eclipse:primaryactive_storeddamage",
                            "comparison": "==",
                            "compare_to": 30
                        },
                        "action": {
                            "type": "origins:damage",
                            "source": {
                                "name": "magic",
                                "magic": true,
                                "bypasses_armor": false,
                                "unblockable": false
                            },
                            "amount": 15
                        }
                    },
                    {
                        "condition": {
                            "type": "origins:resource",
                            "resource": "eclipse:primaryactive_storeddamage",
                            "comparison": "==",
                            "compare_to": 31
                        },
                        "action": {
                            "type": "origins:damage",
                            "source": {
                                "name": "magic",
                                "magic": true,
                                "bypasses_armor": false,
                                "unblockable": false
                            },
                            "amount": 15.5
                        }
                    },
                    {
                        "condition": {
                            "type": "origins:resource",
                            "resource": "eclipse:primaryactive_storeddamage",
                            "comparison": "==",
                            "compare_to": 32
                        },
                        "action": {
                            "type": "origins:damage",
                            "source": {
                                "name": "magic",
                                "magic": true,
                                "bypasses_armor": false,
                                "unblockable": false
                            },
                            "amount": 16
                        }
                    },
                    {
                        "condition": {
                            "type": "origins:resource",
                            "resource": "eclipse:primaryactive_storeddamage",
                            "comparison": "==",
                            "compare_to": 33
                        },
                        "action": {
                            "type": "origins:damage",
                            "source": {
                                "name": "magic",
                                "magic": true,
                                "bypasses_armor": false,
                                "unblockable": false
                            },
                            "amount": 16.5
                        }
                    },
                    {
                        "condition": {
                            "type": "origins:resource",
                            "resource": "eclipse:primaryactive_storeddamage",
                            "comparison": "==",
                            "compare_to": 34
                        },
                        "action": {
                            "type": "origins:damage",
                            "source": {
                                "name": "magic",
                                "magic": true,
                                "bypasses_armor": false,
                                "unblockable": false
                            },
                            "amount": 17
                        }
                    },
                    {
                        "condition": {
                            "type": "origins:resource",
                            "resource": "eclipse:primaryactive_storeddamage",
                            "comparison": "==",
                            "compare_to": 35
                        },
                        "action": {
                            "type": "origins:damage",
                            "source": {
                                "name": "magic",
                                "magic": true,
                                "bypasses_armor": false,
                                "unblockable": false
                            },
                            "amount": 17.5
                        }
                    },
                    {
                        "condition": {
                            "type": "origins:resource",
                            "resource": "eclipse:primaryactive_storeddamage",
                            "comparison": "==",
                            "compare_to": 36
                        },
                        "action": {
                            "type": "origins:damage",
                            "source": {
                                "name": "magic",
                                "magic": true,
                                "bypasses_armor": false,
                                "unblockable": false
                            },
                            "amount": 18
                        }
                    },
                    {
                        "condition": {
                            "type": "origins:resource",
                            "resource": "eclipse:primaryactive_storeddamage",
                            "comparison": "==",
                            "compare_to": 37
                        },
                        "action": {
                            "type": "origins:damage",
                            "source": {
                                "name": "magic",
                                "magic": true,
                                "bypasses_armor": false,
                                "unblockable": false
                            },
                            "amount": 18.5
                        }
                    },
                    {
                        "condition": {
                            "type": "origins:resource",
                            "resource": "eclipse:primaryactive_storeddamage",
                            "comparison": "==",
                            "compare_to": 38
                        },
                        "action": {
                            "type": "origins:damage",
                            "source": {
                                "name": "magic",
                                "magic": true,
                                "bypasses_armor": false,
                                "unblockable": false
                            },
                            "amount": 19
                        }
                    },
                    {
                        "condition": {
                            "type": "origins:resource",
                            "resource": "eclipse:primaryactive_storeddamage",
                            "comparison": "==",
                            "compare_to": 39
                        },
                        "action": {
                            "type": "origins:damage",
                            "source": {
                                "name": "magic",
                                "magic": true,
                                "bypasses_armor": false,
                                "unblockable": false
                            },
                            "amount": 19.5
                        }
                    },
                    {
                        "condition": {
                            "type": "origins:resource",
                            "resource": "eclipse:primaryactive_storeddamage",
                            "comparison": ">=",
                            "compare_to": 40
                        },
                        "action": {
                            "type": "origins:damage",
                            "source": {
                                "name": "magic",
                                "magic": true,
                                "bypasses_armor": false,
                                "unblockable": false
                            },
                            "amount": 20
                        }
                    }
                ]
            }
        }
    }
}
