{
    "type": "origins:multiple",
    "name": "Overstimulation",
    "description": "You can only use Force Disconnect 3 times in a short amount of time. Using it 4 times will make you move and attack slower for 30 seconds, you also won't be able to use Force Disconnect until overstimulation ends. The usage gets smaller 20 seconds after each Force Disconnect use",
    "limitresource": {
        "hidden": true,
        "type": "origins:resource",
        "min": 0,
        "max": 3,
        "hud_render": {
            "should_render": true,
            "bar_index": 7,
            "sprite_location": "origins:textures/gui/community/spiderkolo/resource_bar_02.png"
        }
    },
    "usagedrop": {
        "type": "origins:action_over_time",
        "hidden": true,
        "interval": 400,
        "entity_action": {
            "type": "origins:change_resource",
            "change": -1,
            "resource": "*:*_limitresource",
            "operation": "add"
        }
    },
    "overstimulated": {
        "type": "origins:resource",
        "min": 0,
        "max": 1,
        "hud_render": {
            "should_render": false
        },
        "hidden": true
    },
    "fixres": {
        "type": "origins:action_on_callback",
        "entity_action_respawned": {
            "type": "origins:change_resource",
            "change": 0,
            "operation": "set",
            "resource": "*:*_overstimulated"
        }
    },
    "modmovement": {
        "type": "origins:conditioned_attribute",
        "hidden": true,
        "modifier": {
            "attribute": "minecraft:generic.movement_speed",
            "value": -0.65,
            "operation": "multiply_total"
        },
        "condition": {
            "type": "origins:resource",
            "resource": "*:*_overstimulated",
            "comparison": "==",
            "compare_to": 1
        }
    },
    "modattackspeed": {
        "type": "origins:conditioned_attribute",
        "hidden": true,
        "modifier": {
            "attribute": "minecraft:generic.attack_speed",
            "value": -0.65,
            "operation": "multiply_total"
        },
        "condition": {
            "type": "origins:resource",
            "resource": "*:*_overstimulated",
            "comparison": "==",
            "compare_to": 1
        }
    }
}
