{
    "type": "origins:shader",
    "shader": "minecraft:shaders/post/invert.json",
    "condition":{
        "type":"origins:or",
        "conditions": [
            {
                "type": "origins:resource",
                "resource": "eclipse:dashresource",
                "comparison": "==",
                "compare_to": 1
            },
            {
                "type": "origins:resource",
                "resource": "eclipse:primaryactive_primaryresource",
                "comparison": "==",
                "compare_to": 1
            }
        ]
    },
    "name": "Impaired vision",
    "description": "Whenever using your powers, you have impaired vision due to leaving the physical body behind"
}
