{
    "type": "origins:model_color",
    "red": 1,
    "green": 1,
    "blue": 1,
    "alpha": 0.3,
    "condition": {
        "type": "origins:or",
        "conditions": [
            {
                "type": "origins:resource",
                "resource": "eclipse:dashresource",
                "comparison": "==",
                "compare_to": 1
            },
            {
                "type": "origins:resource",
                "resource": "eclipse:primaryactive_primaryresource",
                "comparison": "==",
                "compare_to": 1
            }
        ]
    },
    "name": "See through",
    "description": "Your skin turns semi transparent when using your powers"
}
