{
    "type": "origins:multiple",
    "hidden": true,
    "preventdying": {
        "type": "origins:prevent_death",
        "hidden": true,
        "damage_condition": {
            "type": "origins:attacker",
            "entity_condition": {
                "type": "origins:origin",
                "layer": "origins:origin",
                "origin": "eclipse:eclipse"
            }
        }
    },
    "gethp": {
        "type": "origins:action_on_callback",
        "entity_action_added": {
            "type": "origins:and",
            "actions": [
                {
                    "type": "origins:execute_command",
                    "command": "scoreboard objectives add enemyhp dummy"
                },
                {
                    "type": "origins:delay",
                    "ticks": 2,
                    "action": {
                        "type": "origins:execute_command",
                        "command": "execute as @s run execute store result score @s enemyhp run data get entity @s Health"
                    }
                }
            ]
        }
    },
    "updatehp": {
        "type": "origins:self_action_when_hit",
        "cooldown": 1,
        "damage_condition": {
            "type": "origins:attacker",
            "entity_condition": {
                "type": "origins:origin",
                "layer": "origins:origin",
                "origin": "eclipse:eclipse",
                "inverted": true
            }
        },
        "entity_action": {
                "type": "origins:execute_command",
                "command": "execute as @s run execute store result score @s enemyhp run data get entity @s Health"
        }
    },
    "getdamage1": {
        "type": "origins:self_action_when_hit",
        "cooldown": 1,
        "entity_action": {
            "type": "origins:and",
            "actions": [
                {
                    "type": "origins:change_resource",
                    "operation": "add",
                    "resource": "eclipse:enemystoreddamage",
                    "change": 1
                },
                {
                    "type": "origins:execute_command",
                    "command": "execute as @s run execute store result entity @s Health double 1 run scoreboard players get @s enemyhp"
                }
            ]
        },
        "damage_condition": {
            "type": "origins:and",
            "conditions": [
                {
                    "type": "origins:attacker",
                    "entity_condition": {
                        "type": "origins:origin",
                        "layer": "origins:origin",
                        "origin": "eclipse:eclipse"
                    }
                },
                {
                    "type": "origins:amount",
                    "compare_to": 1,
                    "comparison": ">="
                },
                {
                    "type": "origins:amount",
                    "compare_to": 2,
                    "comparison": "<"
                }
            ]
        }
    },
    "getdamage2": {
        "type": "origins:self_action_when_hit",
        "cooldown": 1,
        "entity_action": {
            "type": "origins:and",
            "actions": [
                {
                    "type": "origins:change_resource",
                    "operation": "add",
                    "resource": "eclipse:enemystoreddamage",
                    "change": 2
                },
                {
                    "type": "origins:execute_command",
                    "command": "execute as @s run execute store result entity @s Health double 1 run scoreboard players get @s enemyhp"
                }
            ]
        },
        "damage_condition": {
            "type": "origins:and",
            "conditions": [
                {
                    "type": "origins:attacker",
                    "entity_condition": {
                        "type": "origins:origin",
                        "layer": "origins:origin",
                        "origin": "eclipse:eclipse"
                    }
                },
                {
                    "type": "origins:amount",
                    "compare_to": 2,
                    "comparison": ">="
                },
                {
                    "type": "origins:amount",
                    "compare_to": 3,
                    "comparison": "<"
                }
            ]
        }
    },
    "getdamage3": {
        "type": "origins:self_action_when_hit",
        "cooldown": 1,
        "entity_action": {
            "type": "origins:and",
            "actions": [
                {
                    "type": "origins:change_resource",
                    "operation": "add",
                    "resource": "eclipse:enemystoreddamage",
                    "change": 3
                },
                {
                    "type": "origins:execute_command",
                    "command": "execute as @s run execute store result entity @s Health double 1 run scoreboard players get @s enemyhp"
                }
            ]
        },
        "damage_condition": {
            "type": "origins:and",
            "conditions": [
                {
                    "type": "origins:attacker",
                    "entity_condition": {
                        "type": "origins:origin",
                        "layer": "origins:origin",
                        "origin": "eclipse:eclipse"
                    }
                },
                {
                    "type": "origins:amount",
                    "compare_to": 3,
                    "comparison": ">="
                },
                {
                    "type": "origins:amount",
                    "compare_to": 4,
                    "comparison": "<"
                }
            ]
        }
    },
    "getdamage4": {
        "type": "origins:self_action_when_hit",
        "cooldown": 1,
        "entity_action": {
            "type": "origins:and",
            "actions": [
                {
                    "type": "origins:change_resource",
                    "operation": "add",
                    "resource": "eclipse:enemystoreddamage",
                    "change": 4
                },
                {
                    "type": "origins:execute_command",
                    "command": "execute as @s run execute store result entity @s Health double 1 run scoreboard players get @s enemyhp"
                }
            ]
        },
        "damage_condition": {
            "type": "origins:and",
            "conditions": [
                {
                    "type": "origins:attacker",
                    "entity_condition": {
                        "type": "origins:origin",
                        "layer": "origins:origin",
                        "origin": "eclipse:eclipse"
                    }
                },
                {
                    "type": "origins:amount",
                    "compare_to": 4,
                    "comparison": ">="
                },
                {
                    "type": "origins:amount",
                    "compare_to": 5,
                    "comparison": "<"
                }
            ]
        }
    },
    "getdamage5": {
        "type": "origins:self_action_when_hit",
        "cooldown": 1,
        "entity_action": {
            "type": "origins:and",
            "actions": [
                {
                    "type": "origins:change_resource",
                    "operation": "add",
                    "resource": "eclipse:enemystoreddamage",
                    "change": 5
                },
                {
                    "type": "origins:execute_command",
                    "command": "execute as @s run execute store result entity @s Health double 1 run scoreboard players get @s enemyhp"
                }
            ]
        },
        "damage_condition": {
            "type": "origins:and",
            "conditions": [
                {
                    "type": "origins:attacker",
                    "entity_condition": {
                        "type": "origins:origin",
                        "layer": "origins:origin",
                        "origin": "eclipse:eclipse"
                    }
                },
                {
                    "type": "origins:amount",
                    "compare_to": 5,
                    "comparison": ">="
                },
                {
                    "type": "origins:amount",
                    "compare_to": 6,
                    "comparison": "<"
                }
            ]
        }
    },
    "getdamage6": {
        "type": "origins:self_action_when_hit",
        "cooldown": 1,
        "entity_action": {
            "type": "origins:and",
            "actions": [
                {
                    "type": "origins:change_resource",
                    "operation": "add",
                    "resource": "eclipse:enemystoreddamage",
                    "change": 6
                },
                {
                    "type": "origins:execute_command",
                    "command": "execute as @s run execute store result entity @s Health double 1 run scoreboard players get @s enemyhp"
                }
            ]
        },
        "damage_condition": {
            "type": "origins:and",
            "conditions": [
                {
                    "type": "origins:attacker",
                    "entity_condition": {
                        "type": "origins:origin",
                        "layer": "origins:origin",
                        "origin": "eclipse:eclipse"
                    }
                },
                {
                    "type": "origins:amount",
                    "compare_to": 6,
                    "comparison": ">="
                },
                {
                    "type": "origins:amount",
                    "compare_to": 7,
                    "comparison": "<"
                }
            ]
        }
    },
    "getdamage7": {
        "type": "origins:self_action_when_hit",
        "cooldown": 1,
        "entity_action": {
            "type": "origins:and",
            "actions": [
                {
                    "type": "origins:change_resource",
                    "operation": "add",
                    "resource": "eclipse:enemystoreddamage",
                    "change": 7
                },
                {
                    "type": "origins:execute_command",
                    "command": "execute as @s run execute store result entity @s Health double 1 run scoreboard players get @s enemyhp"
                }
            ]
        },
        "damage_condition": {
            "type": "origins:and",
            "conditions": [
                {
                    "type": "origins:attacker",
                    "entity_condition": {
                        "type": "origins:origin",
                        "layer": "origins:origin",
                        "origin": "eclipse:eclipse"
                    }
                },
                {
                    "type": "origins:amount",
                    "compare_to": 7,
                    "comparison": ">="
                },
                {
                    "type": "origins:amount",
                    "compare_to": 8,
                    "comparison": "<"
                }
            ]
        }
    },
    "getdamage8": {
        "type": "origins:self_action_when_hit",
        "cooldown": 1,
        "entity_action": {
            "type": "origins:and",
            "actions": [
                {
                    "type": "origins:change_resource",
                    "operation": "add",
                    "resource": "eclipse:enemystoreddamage",
                    "change": 8
                },
                {
                    "type": "origins:execute_command",
                    "command": "execute as @s run execute store result entity @s Health double 1 run scoreboard players get @s enemyhp"
                }
            ]
        },
        "damage_condition": {
            "type": "origins:and",
            "conditions": [
                {
                    "type": "origins:attacker",
                    "entity_condition": {
                        "type": "origins:origin",
                        "layer": "origins:origin",
                        "origin": "eclipse:eclipse"
                    }
                },
                {
                    "type": "origins:amount",
                    "compare_to": 8,
                    "comparison": ">="
                },
                {
                    "type": "origins:amount",
                    "compare_to": 9,
                    "comparison": "<"
                }
            ]
        }
    },
    "getdamage9": {
        "type": "origins:self_action_when_hit",
        "cooldown": 1,
        "entity_action": {
            "type": "origins:and",
            "actions": [
                {
                    "type": "origins:change_resource",
                    "operation": "add",
                    "resource": "eclipse:enemystoreddamage",
                    "change": 9
                },
                {
                    "type": "origins:execute_command",
                    "command": "execute as @s run execute store result entity @s Health double 1 run scoreboard players get @s enemyhp"
                }
            ]
        },
        "damage_condition": {
            "type": "origins:and",
            "conditions": [
                {
                    "type": "origins:attacker",
                    "entity_condition": {
                        "type": "origins:origin",
                        "layer": "origins:origin",
                        "origin": "eclipse:eclipse"
                    }
                },
                {
                    "type": "origins:amount",
                    "compare_to": 9,
                    "comparison": ">="
                },
                {
                    "type": "origins:amount",
                    "compare_to": 10,
                    "comparison": "<"
                }
            ]
        }
    },
    "getdamage10": {
        "type": "origins:self_action_when_hit",
        "cooldown": 1,
        "entity_action": {
            "type": "origins:and",
            "actions": [
                {
                    "type": "origins:change_resource",
                    "operation": "add",
                    "resource": "eclipse:enemystoreddamage",
                    "change": 10
                },
                {
                    "type": "origins:execute_command",
                    "command": "execute as @s run execute store result entity @s Health double 1 run scoreboard players get @s enemyhp"
                }
            ]
        },
        "damage_condition": {
            "type": "origins:and",
            "conditions": [
                {
                    "type": "origins:attacker",
                    "entity_condition": {
                        "type": "origins:origin",
                        "layer": "origins:origin",
                        "origin": "eclipse:eclipse"
                    }
                },
                {
                    "type": "origins:amount",
                    "compare_to": 10,
                    "comparison": ">="
                },
                {
                    "type": "origins:amount",
                    "compare_to": 11,
                    "comparison": "<"
                }
            ]
        }
    },
    "getdamage11": {
        "type": "origins:self_action_when_hit",
        "cooldown": 1,
        "entity_action": {
            "type": "origins:and",
            "actions": [
                {
                    "type": "origins:change_resource",
                    "operation": "add",
                    "resource": "eclipse:enemystoreddamage",
                    "change": 11
                },
                {
                    "type": "origins:execute_command",
                    "command": "execute as @s run execute store result entity @s Health double 1 run scoreboard players get @s enemyhp"
                }
            ]
        },
        "damage_condition": {
            "type": "origins:and",
            "conditions": [
                {
                    "type": "origins:attacker",
                    "entity_condition": {
                        "type": "origins:origin",
                        "layer": "origins:origin",
                        "origin": "eclipse:eclipse"
                    }
                },
                {
                    "type": "origins:amount",
                    "compare_to": 11,
                    "comparison": ">="
                },
                {
                    "type": "origins:amount",
                    "compare_to": 12,
                    "comparison": "<"
                }
            ]
        }
    },
    "getdamage12": {
        "type": "origins:self_action_when_hit",
        "cooldown": 1,
        "entity_action": {
            "type": "origins:and",
            "actions": [
                {
                    "type": "origins:change_resource",
                    "operation": "add",
                    "resource": "eclipse:enemystoreddamage",
                    "change": 12
                },
                {
                    "type": "origins:execute_command",
                    "command": "execute as @s run execute store result entity @s Health double 1 run scoreboard players get @s enemyhp"
                }
            ]
        },
        "damage_condition": {
            "type": "origins:and",
            "conditions": [
                {
                    "type": "origins:attacker",
                    "entity_condition": {
                        "type": "origins:origin",
                        "layer": "origins:origin",
                        "origin": "eclipse:eclipse"
                    }
                },
                {
                    "type": "origins:amount",
                    "compare_to": 12,
                    "comparison": ">="
                },
                {
                    "type": "origins:amount",
                    "compare_to": 13,
                    "comparison": "<"
                }
            ]
        }
    },
    "getdamage13": {
        "type": "origins:self_action_when_hit",
        "cooldown": 1,
        "entity_action": {
            "type": "origins:and",
            "actions": [
                {
                    "type": "origins:change_resource",
                    "operation": "add",
                    "resource": "eclipse:enemystoreddamage",
                    "change": 13
                },
                {
                    "type": "origins:execute_command",
                    "command": "execute as @s run execute store result entity @s Health double 1 run scoreboard players get @s enemyhp"
                }
            ]
        },
        "damage_condition": {
            "type": "origins:and",
            "conditions": [
                {
                    "type": "origins:attacker",
                    "entity_condition": {
                        "type": "origins:origin",
                        "layer": "origins:origin",
                        "origin": "eclipse:eclipse"
                    }
                },
                {
                    "type": "origins:amount",
                    "compare_to": 13,
                    "comparison": ">="
                },
                {
                    "type": "origins:amount",
                    "compare_to": 14,
                    "comparison": "<"
                }
            ]
        }
    },
    "getdamage14": {
        "type": "origins:self_action_when_hit",
        "cooldown": 1,
        "entity_action": {
            "type": "origins:and",
            "actions": [
                {
                    "type": "origins:change_resource",
                    "operation": "add",
                    "resource": "eclipse:enemystoreddamage",
                    "change": 14
                },
                {
                    "type": "origins:execute_command",
                    "command": "execute as @s run execute store result entity @s Health double 1 run scoreboard players get @s enemyhp"
                }
            ]
        },
        "damage_condition": {
            "type": "origins:and",
            "conditions": [
                {
                    "type": "origins:attacker",
                    "entity_condition": {
                        "type": "origins:origin",
                        "layer": "origins:origin",
                        "origin": "eclipse:eclipse"
                    }
                },
                {
                    "type": "origins:amount",
                    "compare_to": 14,
                    "comparison": ">="
                },
                {
                    "type": "origins:amount",
                    "compare_to": 15,
                    "comparison": "<"
                }
            ]
        }
    },
    "getdamage15": {
        "type": "origins:self_action_when_hit",
        "cooldown": 1,
        "entity_action": {
            "type": "origins:and",
            "actions": [
                {
                    "type": "origins:change_resource",
                    "operation": "add",
                    "resource": "eclipse:enemystoreddamage",
                    "change": 15
                },
                {
                    "type": "origins:execute_command",
                    "command": "execute as @s run execute store result entity @s Health double 1 run scoreboard players get @s enemyhp"
                }
            ]
        },
        "damage_condition": {
            "type": "origins:and",
            "conditions": [
                {
                    "type": "origins:attacker",
                    "entity_condition": {
                        "type": "origins:origin",
                        "layer": "origins:origin",
                        "origin": "eclipse:eclipse"
                    }
                },
                {
                    "type": "origins:amount",
                    "compare_to": 15,
                    "comparison": ">="
                },
                {
                    "type": "origins:amount",
                    "compare_to": 16,
                    "comparison": "<"
                }
            ]
        }
    },
    "getdamage16": {
        "type": "origins:self_action_when_hit",
        "cooldown": 1,
        "entity_action": {
            "type": "origins:and",
            "actions": [
                {
                    "type": "origins:change_resource",
                    "operation": "add",
                    "resource": "eclipse:enemystoreddamage",
                    "change": 16
                },
                {
                    "type": "origins:execute_command",
                    "command": "execute as @s run execute store result entity @s Health double 1 run scoreboard players get @s enemyhp"
                }
            ]
        },
        "damage_condition": {
            "type": "origins:and",
            "conditions": [
                {
                    "type": "origins:attacker",
                    "entity_condition": {
                        "type": "origins:origin",
                        "layer": "origins:origin",
                        "origin": "eclipse:eclipse"
                    }
                },
                {
                    "type": "origins:amount",
                    "compare_to": 16,
                    "comparison": ">="
                },
                {
                    "type": "origins:amount",
                    "compare_to": 17,
                    "comparison": "<"
                }
            ]
        }
    },
    "getdamage17": {
        "type": "origins:self_action_when_hit",
        "cooldown": 1,
        "entity_action": {
            "type": "origins:and",
            "actions": [
                {
                    "type": "origins:change_resource",
                    "operation": "add",
                    "resource": "eclipse:enemystoreddamage",
                    "change": 17
                },
                {
                    "type": "origins:execute_command",
                    "command": "execute as @s run execute store result entity @s Health double 1 run scoreboard players get @s enemyhp"
                }
            ]
        },
        "damage_condition": {
            "type": "origins:and",
            "conditions": [
                {
                    "type": "origins:attacker",
                    "entity_condition": {
                        "type": "origins:origin",
                        "layer": "origins:origin",
                        "origin": "eclipse:eclipse"
                    }
                },
                {
                    "type": "origins:amount",
                    "compare_to": 17,
                    "comparison": ">="
                },
                {
                    "type": "origins:amount",
                    "compare_to": 18,
                    "comparison": "<"
                }
            ]
        }
    },
    "getdamage18": {
        "type": "origins:self_action_when_hit",
        "cooldown": 1,
        "entity_action": {
            "type": "origins:and",
            "actions": [
                {
                    "type": "origins:change_resource",
                    "operation": "add",
                    "resource": "eclipse:enemystoreddamage",
                    "change": 18
                },
                {
                    "type": "origins:execute_command",
                    "command": "execute as @s run execute store result entity @s Health double 1 run scoreboard players get @s enemyhp"
                }
            ]
        },
        "damage_condition": {
            "type": "origins:and",
            "conditions": [
                {
                    "type": "origins:attacker",
                    "entity_condition": {
                        "type": "origins:origin",
                        "layer": "origins:origin",
                        "origin": "eclipse:eclipse"
                    }
                },
                {
                    "type": "origins:amount",
                    "compare_to": 18,
                    "comparison": ">="
                },
                {
                    "type": "origins:amount",
                    "compare_to": 19,
                    "comparison": "<"
                }
            ]
        }
    },
    "getdamage19": {
        "type": "origins:self_action_when_hit",
        "cooldown": 1,
        "entity_action": {
            "type": "origins:and",
            "actions": [
                {
                    "type": "origins:change_resource",
                    "operation": "add",
                    "resource": "eclipse:enemystoreddamage",
                    "change": 19
                },
                {
                    "type": "origins:execute_command",
                    "command": "execute as @s run execute store result entity @s Health double 1 run scoreboard players get @s enemyhp"
                }
            ]
        },
        "damage_condition": {
            "type": "origins:and",
            "conditions": [
                {
                    "type": "origins:attacker",
                    "entity_condition": {
                        "type": "origins:origin",
                        "layer": "origins:origin",
                        "origin": "eclipse:eclipse"
                    }
                },
                {
                    "type": "origins:amount",
                    "compare_to": 19,
                    "comparison": ">="
                },
                {
                    "type": "origins:amount",
                    "compare_to": 20,
                    "comparison": "<"
                }
            ]
        }
    },
    "getdamage20": {
        "type": "origins:self_action_when_hit",
        "cooldown": 1,
        "entity_action": {
            "type": "origins:and",
            "actions": [
                {
                    "type": "origins:change_resource",
                    "operation": "add",
                    "resource": "eclipse:enemystoreddamage",
                    "change": 20
                },
                {
                    "type": "origins:execute_command",
                    "command": "execute as @s run execute store result entity @s Health double 1 run scoreboard players get @s enemyhp"
                }
            ]
        },
        "damage_condition": {
            "type": "origins:and",
            "conditions": [
                {
                    "type": "origins:attacker",
                    "entity_condition": {
                        "type": "origins:origin",
                        "layer": "origins:origin",
                        "origin": "eclipse:eclipse"
                    }
                },
                {
                    "type": "origins:amount",
                    "compare_to": 20,
                    "comparison": ">="
                }
            ]
        }
    },
    "dealdamage": {
        "type": "origins:action_on_callback",
        "cooldown": 270,
        "entity_action_added": {
            "type": "origins:delay",
            "ticks": 105,
            "action": {
                "type": "origins:if_else_list",
                "actions": [
                    {
                        "condition": {
                            "type": "origins:resource",
                            "resource": "eclipse:enemystoreddamage",
                            "comparison": "<=",
                            "compare_to": 0
                        },
                        "action": {
                            "type": "origins:nothing"
                        }
                    },
                    {
                        "condition": {
                            "type": "origins:resource",
                            "resource": "eclipse:enemystoreddamage",
                            "comparison": "==",
                            "compare_to": 1
                        },
                        "action": {
                            "type": "origins:damage",
                            "source": {
                                "name": "magic",
                                "magic": true,
                                "bypasses_armor": true,
                                "unblockable": true
                            },
                            "amount": 0.5
                        }
                    },
                    {
                        "condition": {
                            "type": "origins:resource",
                            "resource": "eclipse:enemystoreddamage",
                            "comparison": "==",
                            "compare_to": 2
                        },
                        "action": {
                            "type": "origins:damage",
                            "source": {
                                "name": "magic",
                                "magic": true,
                                "bypasses_armor": true,
                                "unblockable": true
                            },
                            "amount": 1
                        }
                    },
                    {
                        "condition": {
                            "type": "origins:resource",
                            "resource": "eclipse:enemystoreddamage",
                            "comparison": "==",
                            "compare_to": 3
                        },
                        "action": {
                            "type": "origins:damage",
                            "source": {
                                "name": "magic",
                                "magic": true,
                                "bypasses_armor": true,
                                "unblockable": true
                            },
                            "amount": 1.5
                        }
                    },
                    {
                        "condition": {
                            "type": "origins:resource",
                            "resource": "eclipse:enemystoreddamage",
                            "comparison": "==",
                            "compare_to": 4
                        },
                        "action": {
                            "type": "origins:damage",
                            "source": {
                                "name": "magic",
                                "magic": true,
                                "bypasses_armor": true,
                                "unblockable": true
                            },
                            "amount": 2
                        }
                    },
                    {
                        "condition": {
                            "type": "origins:resource",
                            "resource": "eclipse:enemystoreddamage",
                            "comparison": "==",
                            "compare_to": 5
                        },
                        "action": {
                            "type": "origins:damage",
                            "source": {
                                "name": "magic",
                                "magic": true,
                                "bypasses_armor": true,
                                "unblockable": true
                            },
                            "amount": 2.5
                        }
                    },
                    {
                        "condition": {
                            "type": "origins:resource",
                            "resource": "eclipse:enemystoreddamage",
                            "comparison": "==",
                            "compare_to": 6
                        },
                        "action": {
                            "type": "origins:damage",
                            "source": {
                                "name": "magic",
                                "magic": true,
                                "bypasses_armor": true,
                                "unblockable": true
                            },
                            "amount": 3
                        }
                    },
                    {
                        "condition": {
                            "type": "origins:resource",
                            "resource": "eclipse:enemystoreddamage",
                            "comparison": "==",
                            "compare_to": 7
                        },
                        "action": {
                            "type": "origins:damage",
                            "source": {
                                "name": "magic",
                                "magic": true,
                                "bypasses_armor": true,
                                "unblockable": true
                            },
                            "amount": 3.5
                        }
                    },
                    {
                        "condition": {
                            "type": "origins:resource",
                            "resource": "eclipse:enemystoreddamage",
                            "comparison": "==",
                            "compare_to": 8
                        },
                        "action": {
                            "type": "origins:damage",
                            "source": {
                                "name": "magic",
                                "magic": true,
                                "bypasses_armor": true,
                                "unblockable": true
                            },
                            "amount": 4
                        }
                    },
                    {
                        "condition": {
                            "type": "origins:resource",
                            "resource": "eclipse:enemystoreddamage",
                            "comparison": "==",
                            "compare_to": 9
                        },
                        "action": {
                            "type": "origins:damage",
                            "source": {
                                "name": "magic",
                                "magic": true,
                                "bypasses_armor": true,
                                "unblockable": true
                            },
                            "amount": 4.5
                        }
                    },
                    {
                        "condition": {
                            "type": "origins:resource",
                            "resource": "eclipse:enemystoreddamage",
                            "comparison": "==",
                            "compare_to": 10
                        },
                        "action": {
                            "type": "origins:damage",
                            "source": {
                                "name": "magic",
                                "magic": true,
                                "bypasses_armor": true,
                                "unblockable": true
                            },
                            "amount": 5
                        }
                    },
                    {
                        "condition": {
                            "type": "origins:resource",
                            "resource": "eclipse:enemystoreddamage",
                            "comparison": "==",
                            "compare_to": 11
                        },
                        "action": {
                            "type": "origins:damage",
                            "source": {
                                "name": "magic",
                                "magic": true,
                                "bypasses_armor": true,
                                "unblockable": true
                            },
                            "amount": 5.5
                        }
                    },
                    {
                        "condition": {
                            "type": "origins:resource",
                            "resource": "eclipse:enemystoreddamage",
                            "comparison": "==",
                            "compare_to": 12
                        },
                        "action": {
                            "type": "origins:damage",
                            "source": {
                                "name": "magic",
                                "magic": true,
                                "bypasses_armor": true,
                                "unblockable": true
                            },
                            "amount": 6
                        }
                    },
                    {
                        "condition": {
                            "type": "origins:resource",
                            "resource": "eclipse:enemystoreddamage",
                            "comparison": "==",
                            "compare_to": 13
                        },
                        "action": {
                            "type": "origins:damage",
                            "source": {
                                "name": "magic",
                                "magic": true,
                                "bypasses_armor": true,
                                "unblockable": true
                            },
                            "amount": 6.5
                        }
                    },
                    {
                        "condition": {
                            "type": "origins:resource",
                            "resource": "eclipse:enemystoreddamage",
                            "comparison": "==",
                            "compare_to": 14
                        },
                        "action": {
                            "type": "origins:damage",
                            "source": {
                                "name": "magic",
                                "magic": true,
                                "bypasses_armor": true,
                                "unblockable": true
                            },
                            "amount": 7
                        }
                    },
                    {
                        "condition": {
                            "type": "origins:resource",
                            "resource": "eclipse:enemystoreddamage",
                            "comparison": "==",
                            "compare_to": 15
                        },
                        "action": {
                            "type": "origins:damage",
                            "source": {
                                "name": "magic",
                                "magic": true,
                                "bypasses_armor": true,
                                "unblockable": true
                            },
                            "amount": 7.5
                        }
                    },
                    {
                        "condition": {
                            "type": "origins:resource",
                            "resource": "eclipse:enemystoreddamage",
                            "comparison": "==",
                            "compare_to": 16
                        },
                        "action": {
                            "type": "origins:damage",
                            "source": {
                                "name": "magic",
                                "magic": true,
                                "bypasses_armor": true,
                                "unblockable": true
                            },
                            "amount": 8
                        }
                    },
                    {
                        "condition": {
                            "type": "origins:resource",
                            "resource": "eclipse:enemystoreddamage",
                            "comparison": "==",
                            "compare_to": 17
                        },
                        "action": {
                            "type": "origins:damage",
                            "source": {
                                "name": "magic",
                                "magic": true,
                                "bypasses_armor": true,
                                "unblockable": true
                            },
                            "amount": 8.5
                        }
                    },
                    {
                        "condition": {
                            "type": "origins:resource",
                            "resource": "eclipse:enemystoreddamage",
                            "comparison": "==",
                            "compare_to": 18
                        },
                        "action": {
                            "type": "origins:damage",
                            "source": {
                                "name": "magic",
                                "magic": true,
                                "bypasses_armor": true,
                                "unblockable": true
                            },
                            "amount": 9
                        }
                    },
                    {
                        "condition": {
                            "type": "origins:resource",
                            "resource": "eclipse:enemystoreddamage",
                            "comparison": "==",
                            "compare_to": 19
                        },
                        "action": {
                            "type": "origins:damage",
                            "source": {
                                "name": "magic",
                                "magic": true,
                                "bypasses_armor": true,
                                "unblockable": true
                            },
                            "amount": 9.5
                        }
                    },
                    {
                        "condition": {
                            "type": "origins:resource",
                            "resource": "eclipse:enemystoreddamage",
                            "comparison": "==",
                            "compare_to": 20
                        },
                        "action": {
                            "type": "origins:damage",
                            "source": {
                                "name": "magic",
                                "magic": true,
                                "bypasses_armor": true,
                                "unblockable": true
                            },
                            "amount": 10
                        }
                    },
                    {
                        "condition": {
                            "type": "origins:resource",
                            "resource": "eclipse:enemystoreddamage",
                            "comparison": "==",
                            "compare_to": 21
                        },
                        "action": {
                            "type": "origins:damage",
                            "source": {
                                "name": "magic",
                                "magic": true,
                                "bypasses_armor": true,
                                "unblockable": true
                            },
                            "amount": 10.5
                        }
                    },
                    {
                        "condition": {
                            "type": "origins:resource",
                            "resource": "eclipse:enemystoreddamage",
                            "comparison": "==",
                            "compare_to": 22
                        },
                        "action": {
                            "type": "origins:damage",
                            "source": {
                                "name": "magic",
                                "magic": true,
                                "bypasses_armor": true,
                                "unblockable": true
                            },
                            "amount": 11
                        }
                    },
                    {
                        "condition": {
                            "type": "origins:resource",
                            "resource": "eclipse:enemystoreddamage",
                            "comparison": "==",
                            "compare_to": 23
                        },
                        "action": {
                            "type": "origins:damage",
                            "source": {
                                "name": "magic",
                                "magic": true,
                                "bypasses_armor": true,
                                "unblockable": true
                            },
                            "amount": 11.5
                        }
                    },
                    {
                        "condition": {
                            "type": "origins:resource",
                            "resource": "eclipse:enemystoreddamage",
                            "comparison": "==",
                            "compare_to": 24
                        },
                        "action": {
                            "type": "origins:damage",
                            "source": {
                                "name": "magic",
                                "magic": true,
                                "bypasses_armor": true,
                                "unblockable": true
                            },
                            "amount": 12
                        }
                    },
                    {
                        "condition": {
                            "type": "origins:resource",
                            "resource": "eclipse:enemystoreddamage",
                            "comparison": "==",
                            "compare_to": 25
                        },
                        "action": {
                            "type": "origins:damage",
                            "source": {
                                "name": "magic",
                                "magic": true,
                                "bypasses_armor": true,
                                "unblockable": true
                            },
                            "amount": 12.5
                        }
                    },
                    {
                        "condition": {
                            "type": "origins:resource",
                            "resource": "eclipse:enemystoreddamage",
                            "comparison": "==",
                            "compare_to": 26
                        },
                        "action": {
                            "type": "origins:damage",
                            "source": {
                                "name": "magic",
                                "magic": true,
                                "bypasses_armor": true,
                                "unblockable": true
                            },
                            "amount": 13
                        }
                    },
                    {
                        "condition": {
                            "type": "origins:resource",
                            "resource": "eclipse:enemystoreddamage",
                            "comparison": "==",
                            "compare_to": 27
                        },
                        "action": {
                            "type": "origins:damage",
                            "source": {
                                "name": "magic",
                                "magic": true,
                                "bypasses_armor": true,
                                "unblockable": true
                            },
                            "amount": 13.5
                        }
                    },
                    {
                        "condition": {
                            "type": "origins:resource",
                            "resource": "eclipse:enemystoreddamage",
                            "comparison": "==",
                            "compare_to": 28
                        },
                        "action": {
                            "type": "origins:damage",
                            "source": {
                                "name": "magic",
                                "magic": true,
                                "bypasses_armor": true,
                                "unblockable": true
                            },
                            "amount": 14
                        }
                    },
                    {
                        "condition": {
                            "type": "origins:resource",
                            "resource": "eclipse:enemystoreddamage",
                            "comparison": "==",
                            "compare_to": 29
                        },
                        "action": {
                            "type": "origins:damage",
                            "source": {
                                "name": "magic",
                                "magic": true,
                                "bypasses_armor": true,
                                "unblockable": true
                            },
                            "amount": 14.5
                        }
                    },
                    {
                        "condition": {
                            "type": "origins:resource",
                            "resource": "eclipse:enemystoreddamage",
                            "comparison": "==",
                            "compare_to": 30
                        },
                        "action": {
                            "type": "origins:damage",
                            "source": {
                                "name": "magic",
                                "magic": true,
                                "bypasses_armor": true,
                                "unblockable": true
                            },
                            "amount": 15
                        }
                    },
                    {
                        "condition": {
                            "type": "origins:resource",
                            "resource": "eclipse:enemystoreddamage",
                            "comparison": "==",
                            "compare_to": 31
                        },
                        "action": {
                            "type": "origins:damage",
                            "source": {
                                "name": "magic",
                                "magic": true,
                                "bypasses_armor": true,
                                "unblockable": true
                            },
                            "amount": 15.5
                        }
                    },
                    {
                        "condition": {
                            "type": "origins:resource",
                            "resource": "eclipse:enemystoreddamage",
                            "comparison": "==",
                            "compare_to": 32
                        },
                        "action": {
                            "type": "origins:damage",
                            "source": {
                                "name": "magic",
                                "magic": true,
                                "bypasses_armor": true,
                                "unblockable": true
                            },
                            "amount": 16
                        }
                    },
                    {
                        "condition": {
                            "type": "origins:resource",
                            "resource": "eclipse:enemystoreddamage",
                            "comparison": "==",
                            "compare_to": 33
                        },
                        "action": {
                            "type": "origins:damage",
                            "source": {
                                "name": "magic",
                                "magic": true,
                                "bypasses_armor": true,
                                "unblockable": true
                            },
                            "amount": 16.5
                        }
                    },
                    {
                        "condition": {
                            "type": "origins:resource",
                            "resource": "eclipse:enemystoreddamage",
                            "comparison": "==",
                            "compare_to": 34
                        },
                        "action": {
                            "type": "origins:damage",
                            "source": {
                                "name": "magic",
                                "magic": true,
                                "bypasses_armor": true,
                                "unblockable": true
                            },
                            "amount": 17
                        }
                    },
                    {
                        "condition": {
                            "type": "origins:resource",
                            "resource": "eclipse:enemystoreddamage",
                            "comparison": "==",
                            "compare_to": 35
                        },
                        "action": {
                            "type": "origins:damage",
                            "source": {
                                "name": "magic",
                                "magic": true,
                                "bypasses_armor": true,
                                "unblockable": true
                            },
                            "amount": 17.5
                        }
                    },
                    {
                        "condition": {
                            "type": "origins:resource",
                            "resource": "eclipse:enemystoreddamage",
                            "comparison": "==",
                            "compare_to": 36
                        },
                        "action": {
                            "type": "origins:damage",
                            "source": {
                                "name": "magic",
                                "magic": true,
                                "bypasses_armor": true,
                                "unblockable": true
                            },
                            "amount": 18
                        }
                    },
                    {
                        "condition": {
                            "type": "origins:resource",
                            "resource": "eclipse:enemystoreddamage",
                            "comparison": "==",
                            "compare_to": 37
                        },
                        "action": {
                            "type": "origins:damage",
                            "source": {
                                "name": "magic",
                                "magic": true,
                                "bypasses_armor": true,
                                "unblockable": true
                            },
                            "amount": 18.5
                        }
                    },
                    {
                        "condition": {
                            "type": "origins:resource",
                            "resource": "eclipse:enemystoreddamage",
                            "comparison": "==",
                            "compare_to": 38
                        },
                        "action": {
                            "type": "origins:damage",
                            "source": {
                                "name": "magic",
                                "magic": true,
                                "bypasses_armor": true,
                                "unblockable": true
                            },
                            "amount": 19
                        }
                    },
                    {
                        "condition": {
                            "type": "origins:resource",
                            "resource": "eclipse:enemystoreddamage",
                            "comparison": "==",
                            "compare_to": 39
                        },
                        "action": {
                            "type": "origins:damage",
                            "source": {
                                "name": "magic",
                                "magic": true,
                                "bypasses_armor": true,
                                "unblockable": true
                            },
                            "amount": 19.5
                        }
                    },
                    {
                        "condition": {
                            "type": "origins:resource",
                            "resource": "eclipse:enemystoreddamage",
                            "comparison": ">=",
                            "compare_to": 40
                        },
                        "action": {
                            "type": "origins:damage",
                            "source": {
                                "name": "magic",
                                "magic": true,
                                "bypasses_armor": true,
                                "unblockable": true
                            },
                            "amount": 20
                        }
                    }
                ]
            }
        }
    }
}
